,RMSE,R2,MAE
Linear Regression,69297.7166911303,0.6488402154431994,50413.43330810034
Random Forest Regressor,48757.633082085245,0.826159023345961,31729.61107413751
